<?xml version="1.0" encoding="UTF-8"?>
<configuration>
	<springProfile name="product">
		<include resource="org/springframework/boot/logging/logback/defaults.xml" />
		<appender name="FILE"
			class="ch.qos.logback.core.rolling.RollingFileAppender">
			<rollingPolicy class="ch.qos.logback.core.rolling.TimeBasedRollingPolicy">
				<fileNamePattern>${LOG_PATH}cms-admin-%d{yyyy-MM-dd}.log</fileNamePattern>
				<maxHistory>30</maxHistory>
			</rollingPolicy>

			<encoder>
				<pattern>%d{yyyy-MM-dd HH:mm:ss.SSS} [%thread] %-5level %logger{36} - %msg %n
				</pattern>
			</encoder>
		</appender>
		<root level="WARN">
			<appender-ref ref="FILE" />
		</root>
	</springProfile>

	<springProfile name="!product">
		<include resource="org/springframework/boot/logging/logback/base.xml" />

	</springProfile>

</configuration>