{
    "hot": ["北京市", "上海市", "广州市", "深圳市", "天津市"],
    "abroad": ["香港", "澳门", "台湾"],
    "provinces": [
        {
            "name": "河北",
            "citys": ["石家庄", "唐山", "秦皇岛", "邯郸", "邢台", "保定", "张家口", "承德", "沧州", "廊坊", "衡水"]
        },
        {
            "name": "山西",
            "citys": ["太原", "大同", "阳泉", "长治", "晋城", "朔州", "忻州", "吕梁", "晋中", "临汾", "运城"]
        },
        {
            "name": "内蒙古",
            "citys": ["呼和浩特", "包头", "乌海", "赤峰", "呼伦贝尔", "兴安盟", "通辽", "锡林郭勒盟", "乌兰察布盟", "伊克昭盟", "巴彦淖尔盟", "阿拉善盟"]
        },
        {
            "name": "辽宁",
            "citys": ["沈阳", "大连", "鞍山", "抚顺", "本溪", "丹东", "锦州", "营口", "阜新", "辽阳", "盘锦", "铁岭", "朝阳", "葫芦岛"]
        },
        {
            "name": "吉林",
            "citys": ["长春", "吉林", "四平", "辽源", "通化", "白山", "松原", "白城", "延边朝鲜族自治州"]
        },
        {
            "name": "黑龙江",
            "citys": ["哈尔滨", "齐齐哈尔", "鹤岗", "双鸭山", "鸡西", "大庆", "伊春", "牡丹江", "佳木斯", "七台河", "黑河", "绥化", "大兴安岭地区"]
        },
        {
            "name": "江苏",
            "citys": ["南京", "苏州", "无锡", "常州", "镇江", "南通", "泰州", "扬州", "盐城", "连云港", "徐州", "淮安", "宿迁"]
        },
        {
            "name": "浙江",
            "citys": ["杭州", "宁波", "温州", "嘉兴", "湖州", "绍兴", "金华", "衢州", "舟山", "台州", "丽水"]
        },
        {
            "name": "安徽",
            "citys": ["合肥", "芜湖", "蚌埠", "淮南", "马鞍山", "淮北", "铜陵", "安庆", "黄山", "滁州", "阜阳", "宿州", "巢湖", "六安", "亳州", "池州", "宣城"]
        }
    ]
}
