{
    "hot": ["北京市", "上海市", "广州市", "深圳市", "天津市"],
    "abroad": ["香港", "澳门", "台湾"],
    "provinces": [
        {
            "name": "安徽",
            "citys": ["合肥", "芜湖", "蚌埠", "淮南", "马鞍山", "淮北", "铜陵", "安庆", "黄山", "滁州", "阜阳", "宿州", "巢湖", "六安", "亳州", "池州", "宣城"]
        },
        {
            "name": "江苏",
            "citys": ["南京", "苏州", "无锡", "常州", "镇江", "南通", "泰州", "扬州", "盐城", "连云港", "徐州", "淮安", "宿迁"]
        },
        {
            "name": "浙江",
            "citys": ["杭州", "宁波", "温州", "嘉兴", "湖州", "绍兴", "金华", "衢州", "舟山", "台州", "丽水"]
        },{
            "name": "河北",
            "citys": ["石家庄", "唐山", "秦皇岛", "邯郸", "邢台", "保定", "张家口", "承德", "沧州", "廊坊", "衡水"]
        },{
            "name": "山西",
            "citys": ["太原", "大同", "阳泉", "长治", "晋城", "朔州", "忻州", "吕梁", "晋中", "临汾", "运城"]
        },
        {
            "name": "内蒙古",
            "citys": ["呼和浩特", "包头", "乌海", "赤峰", "呼伦贝尔", "兴安盟", "通辽", "锡林郭勒盟", "乌兰察布盟", "伊克昭盟", "巴彦淖尔盟", "阿拉善盟"]
        },
        {
            "name": "辽宁",
            "citys": ["沈阳", "大连", "鞍山", "抚顺", "本溪", "丹东", "锦州", "营口", "阜新", "辽阳", "盘锦", "铁岭", "朝阳", "葫芦岛"]
        },
        {
            "name": "吉林",
            "citys": ["长春", "吉林", "四平", "辽源", "通化", "白山", "松原", "白城", "延边朝鲜族自治州"]
        },
        {
            "name": "黑龙江",
            "citys": ["哈尔滨", "齐齐哈尔", "鹤岗", "双鸭山", "鸡西", "大庆", "伊春", "牡丹江", "佳木斯", "七台河", "黑河", "绥化", "大兴安岭地区"]
        },
        {
            "name": "福建",
            "citys": ["厦门","宁德","福州","莆田","三明","泉州","泉港区","漳州","南平","龙岩"]
        },
        {
            "name": "江西",
            "citys":["南昌","景德镇","萍乡","九江","新余","鹰潭","赣州","吉安","宜春","抚州","上饶"]
        },{
            "name": "山东",
            "citys":["济南","青岛","淄博","枣庄","东营","潍坊","济宁","泰安","威海","日照","莱芜","临沂","聊城","德州","菏泽","滨州","章丘","荣成","烟台"]
        },{
            "name": "河南",
            "citys":["郑州","开封","洛阳","平顶山","安阳","鹤壁","新乡","焦作","濮阳","许昌","漯河","三门峡","南阳","商丘","信阳","周口","驻马店"]
        },{
            "name": "湖北",
            "citys":["武汉","恩施","黄石","十堰","宜昌","襄樊","鄂州","荆州","孝感","荆门","黄冈","咸宁","随州"]
        },{
            "name": "湖南",
            "citys":["长沙","株洲","湘潭","衡阳","邵阳","岳阳","常德","张家界","益阳","郴州","永州","怀化","娄底","湘西"]
        },{
            "name": "广东",
            "citys":["广州","深圳","韶关","珠海","汕头","佛山","南海区","江门","湛江","茂名","肇庆","惠州","梅州","汕尾","河源","阳江","中山","清远","东莞","潮州","揭阳","云浮"]
        },{
            "name": "广西",
            "citys":["南宁","柳州","桂林","梧州","北海","防城港","钦州","贵港","玉林","百色","贺州","河池","来宾","崇左"]
        },{
            "name": "海南",
            "citys":["海口","三亚","洋浦市"]
        },
        {
            "name": "四川",
            "citys":["成都","凉山","自贡","攀枝花","泸州","德阳","绵阳","广元","遂宁","内江","乐山","南充","眉山","宜宾","广安","达州","雅安","巴中","资阳","阿坝","甘孜"]
        },
        {
            "name": "贵州",
            "citys":["贵阳","六盘水","遵义","安顺","铜仁","黔西","毕节","黔东","黔南"]
        },
        {
            "name": "云南",
            "citys":["昆明","曲靖","玉溪","保山","昭通","楚雄","红河","文山","思茅","西双版纳","德宏","大理","丽江","怒江","迪庆","临沧"]
       },
        {
            "name": "陕西",
            "citys":["西安","商洛","铜川","宝鸡","咸阳","渭南","延安","汉中","榆林","安康","商洛"]
        },
        {
            "name": "西藏",
            "citys":["拉萨","昌都","山南","日喀则","那曲","阿里","林芝"]
       },
        {
            "name": "甘肃",
            "citys":["兰州","嘉峪关","金昌","白银","天水","武威","张掖","平凉","酒泉","庆阳","定西","陇南","临夏","甘南"]
        },{
            "name": "青海",
            "citys":["西宁","海晏","海东","海北","黄南","海南","果洛","玉树","海西"]
        },{
            "name": "宁夏",
            "citys":["银川","石嘴山","吴忠","固原","中卫"]
        },{
            "name": "新疆",
            "citys":["乌鲁木齐","石河子","克拉玛依","吐鲁番","哈密","昌吉","博乐","和田","阿克苏","阿勒","喀什","塔城","库尔勒","伊犁","克州"]
        }

    ]
}
